vendor_id,pickup_date,day_num,day_name,avg_distance,avg_fare,avg_tip,sum_duration_minutes,avg_duration_minutes,avg_speed_kmh,sum_passenger,avg_passenger,total_trip,total_revenue,min_transaction,max_transaction,std_transaction,is_weekend
1,2016-01-03,7,Sunday,4.87,11.95,1.47,151507.7,11.23,23.43,18385.0,1.36,13491,198210.55,3.3,70.34,11.27,1
2,2016-01-03,7,Sunday,4.96,12.0,1.49,172647.48,11.32,23.81,31429.0,2.06,15246,224487.81,3.8,70.34,11.36,1
2,2016-01-04,1,Monday,4.4,11.32,1.51,181382.53,11.34,21.01,32454.0,2.03,15989,228448.94,3.8,70.01,10.98,0
1,2016-01-04,1,Monday,4.19,11.04,1.46,157392.83,11.1,20.42,17307.0,1.22,14182,197035.6,3.3,70.01,10.35,0
2,2016-01-10,7,Sunday,4.65,11.5,1.58,202418.12,11.11,22.82,37482.0,2.06,18216,260660.11,3.8,70.34,10.58,1
1,2016-01-10,7,Sunday,4.47,11.26,1.51,168975.22,10.94,22.21,20354.0,1.32,15446,216252.47,3.3,70.34,10.09,1
2,2016-01-13,3,Wednesday,4.02,11.22,1.69,253733.78,12.33,18.46,41756.0,2.03,20571,293717.95,3.8,70.01,9.74,0
1,2016-01-13,3,Wednesday,3.84,11.02,1.64,215484.85,12.2,17.83,20909.0,1.18,17664,247527.32,3.3,70.56,9.41,0
2,2016-01-15,5,Friday,4.31,11.83,1.71,266550.22,13.06,18.5,41285.0,2.02,20408,305181.81,3.8,70.01,10.52,0
1,2016-01-15,5,Friday,4.22,11.75,1.67,233951.12,12.97,18.16,22127.0,1.23,18041,267311.05,3.3,70.0,10.24,0
2,2016-02-04,4,Thursday,4.21,11.87,1.78,275751.28,13.43,17.84,41444.0,2.02,20526,309139.66,3.8,70.01,10.37,0
1,2016-02-04,4,Thursday,4.08,11.74,1.75,237748.12,13.36,17.42,20938.0,1.18,17798,264570.72,3.8,70.34,10.01,0
1,2016-02-08,1,Monday,4.11,11.14,1.6,177438.12,11.6,19.5,17962.0,1.17,15290,216021.63,3.3,70.0,10.06,0
2,2016-02-08,1,Monday,4.23,11.26,1.65,210044.47,11.73,20.08,35969.0,2.01,17910,256846.45,3.3,70.34,10.27,0
1,2016-02-11,4,Thursday,3.91,11.54,1.7,254252.73,13.33,16.79,22656.0,1.19,19075,278474.8,3.3,70.0,9.74,0
2,2016-02-11,4,Thursday,4.05,11.65,1.73,293636.83,13.32,17.44,45153.0,2.05,22048,325674.89,3.8,71.21,9.99,0
1,2016-02-12,5,Friday,4.06,11.88,1.68,259966.58,13.68,16.94,23629.0,1.24,19008,284045.08,3.3,70.01,10.21,0
2,2016-02-12,5,Friday,4.23,12.1,1.72,301761.05,13.89,17.43,44064.0,2.03,21727,330941.36,3.8,70.01,10.5,0
1,2016-02-13,6,Saturday,3.92,11.1,1.43,237676.0,12.07,18.62,26983.0,1.37,19693,269076.88,3.3,70.59,8.83,1
2,2016-02-13,6,Saturday,3.96,11.12,1.42,281423.6,12.07,18.94,47709.0,2.05,23320,318128.8,3.3,70.34,9.12,1
1,2016-02-19,5,Friday,4.11,11.69,1.64,246154.0,13.08,17.76,23331.0,1.24,18823,276815.88,3.3,70.59,9.79,0
2,2016-02-19,5,Friday,4.17,11.69,1.67,282005.18,13.08,18.13,43250.0,2.01,21560,318196.95,3.8,71.81,9.91,0
1,2016-02-20,6,Saturday,4.18,11.57,1.52,241420.12,12.59,19.03,25775.0,1.34,19176,273280.7,3.8,70.59,9.28,1
2,2016-02-20,6,Saturday,4.32,11.69,1.53,276370.93,12.66,19.57,44438.0,2.04,21825,313636.36,3.8,70.34,9.54,1
2,2016-02-23,2,Tuesday,4.0,11.61,1.72,274241.35,13.42,17.17,40868.0,2.0,20434,300468.23,3.8,70.34,9.99,0
1,2016-02-23,2,Tuesday,3.87,11.52,1.7,235958.77,13.41,16.56,20795.0,1.18,17598,256508.75,3.3,71.2,9.84,0
1,2016-03-02,3,Wednesday,3.99,11.5,1.7,234397.85,12.96,17.61,21328.0,1.18,18086,263532.96,3.3,70.59,9.75,0
2,2016-03-02,3,Wednesday,4.1,11.59,1.73,269782.83,13.01,18.14,41592.0,2.01,20735,304987.48,3.8,70.61,9.91,0
1,2016-03-06,7,Sunday,4.59,11.86,1.58,203452.43,12.02,21.33,22596.0,1.34,16920,248323.41,3.3,70.34,10.46,1
2,2016-03-06,7,Sunday,4.78,12.08,1.62,238861.47,12.18,21.92,39940.0,2.04,19610,292854.2,3.8,70.34,10.92,1
1,2016-03-07,1,Monday,4.31,11.78,1.67,197080.55,12.61,19.2,18687.0,1.2,15633,232472.93,3.8,70.01,10.62,0
2,2016-03-07,1,Monday,4.42,11.91,1.73,227113.27,12.77,19.61,35604.0,2.0,17778,268091.64,3.8,70.61,10.75,0
2,2016-03-08,2,Tuesday,4.24,11.82,1.74,252232.82,13.18,18.38,38577.0,2.02,19135,286451.33,3.3,70.34,10.09,0
1,2016-03-08,2,Tuesday,4.1,11.65,1.72,219040.6,13.04,17.89,19937.0,1.19,16796,247757.83,3.3,70.35,9.9,0
2,2016-03-10,4,Thursday,4.38,12.24,1.78,284975.53,13.88,18.06,41575.0,2.02,20534,316975.33,3.3,71.81,10.49,0
1,2016-03-10,4,Thursday,4.21,12.02,1.75,246373.87,13.68,17.56,21530.0,1.2,18009,273229.44,3.3,70.34,10.19,0
1,2016-03-13,7,Sunday,4.7,11.98,1.6,196144.6,12.06,21.54,21604.0,1.33,16258,240937.91,3.8,70.34,10.78,1
2,2016-03-13,7,Sunday,4.85,12.14,1.61,225121.43,12.2,22.1,37470.0,2.03,18450,276590.77,3.3,70.01,10.9,1
2,2016-03-14,1,Monday,4.2,11.6,1.67,248676.23,12.9,18.36,38531.0,2.0,19283,283545.28,3.8,70.01,10.55,0
1,2016-03-14,1,Monday,4.01,11.37,1.63,220032.08,12.71,17.73,20822.0,1.2,17305,248936.18,3.3,70.34,10.09,0
1,2016-03-19,6,Saturday,4.18,11.48,1.49,243083.17,12.44,19.12,26656.0,1.36,19541,276011.39,3.3,70.34,9.36,1
2,2016-03-19,6,Saturday,4.28,11.55,1.5,281816.32,12.42,19.7,45979.0,2.03,22697,322460.86,3.8,70.09,9.56,1
2,2016-03-20,7,Sunday,4.75,11.88,1.59,235296.43,11.76,22.22,40449.0,2.02,20013,294643.91,3.8,70.01,10.93,1
1,2016-03-20,7,Sunday,4.72,11.93,1.57,203974.0,11.8,21.83,23238.0,1.34,17280,254845.76,3.3,70.55,10.84,1
2,2016-03-25,5,Friday,4.41,11.83,1.59,263586.68,12.72,19.5,42105.0,2.03,20730,307726.21,3.8,70.01,10.16,0
1,2016-03-25,5,Friday,4.32,11.8,1.55,222097.43,12.69,18.97,23063.0,1.32,17505,258639.15,3.3,70.34,10.18,0
1,2016-04-07,4,Thursday,4.09,12.06,1.76,252928.12,14.09,16.78,21454.0,1.2,17949,272726.79,3.3,71.19,10.01,0
2,2016-04-07,4,Thursday,4.26,12.29,1.79,294869.07,14.3,17.33,41489.0,2.01,20626,319142.47,3.3,70.01,10.38,0
2,2016-04-10,7,Sunday,4.8,12.2,1.65,249736.42,12.53,21.57,40585.0,2.04,19931,300763.81,3.3,70.34,10.78,1
1,2016-04-10,7,Sunday,4.67,12.07,1.59,218020.2,12.49,21.03,23455.0,1.34,17460,260098.15,3.3,70.0,10.53,1
2,2016-04-12,2,Tuesday,4.08,11.83,1.71,274981.88,13.63,17.48,40308.0,2.0,20170,301221.25,3.8,70.01,10.0,0
1,2016-04-12,2,Tuesday,3.99,11.77,1.71,236612.23,13.6,16.99,20639.0,1.19,17393,258162.09,3.3,70.34,9.82,0
2,2016-04-14,4,Thursday,4.27,12.38,1.79,304633.0,14.48,17.19,42516.0,2.02,21045,327991.07,3.8,71.21,10.47,0
1,2016-04-14,4,Thursday,4.12,12.17,1.77,264005.5,14.29,16.76,22197.0,1.2,18476,283369.27,3.8,70.0,10.14,0
2,2016-04-16,6,Saturday,4.37,11.97,1.54,304626.15,13.26,19.15,46706.0,2.03,22978,336978.2,3.3,70.34,9.59,1
1,2016-04-16,6,Saturday,4.2,11.78,1.53,269167.1,13.13,18.5,28005.0,1.37,20503,296750.66,3.3,70.0,9.42,1
2,2016-04-22,5,Friday,4.27,12.52,1.7,284716.95,14.82,17.11,38534.0,2.01,19208,299262.59,3.8,70.01,10.09,0
1,2016-04-22,5,Friday,4.12,12.34,1.69,254352.4,14.64,16.67,21912.0,1.26,17374,267360.12,3.3,72.34,9.98,0
2,2016-04-23,6,Saturday,4.26,11.7,1.5,256578.73,12.87,19.27,40643.0,2.04,19941,286505.74,3.3,70.01,9.49,1
1,2016-04-23,6,Saturday,4.2,11.77,1.5,233842.9,13.04,18.67,24771.0,1.38,17932,258729.6,3.3,70.01,9.31,1
1,2016-04-27,3,Wednesday,4.12,12.07,1.72,232141.25,13.82,17.41,20283.0,1.21,16794,254946.46,3.3,71.84,10.0,0
2,2016-04-27,3,Wednesday,4.33,12.35,1.81,264667.27,14.09,17.9,37809.0,2.01,18779,292603.9,3.8,71.21,10.42,0
1,2016-04-29,5,Friday,4.17,11.95,1.65,251113.28,13.6,17.32,23251.0,1.26,18468,276905.95,3.8,70.01,10.06,0
2,2016-04-29,5,Friday,4.33,12.12,1.7,289057.23,13.68,17.95,42138.0,1.99,21133,321931.56,3.8,71.21,10.29,0
1,2016-05-08,7,Sunday,4.61,11.89,1.53,208840.88,12.29,21.03,23170.0,1.36,16998,248966.14,3.3,70.34,10.32,1
2,2016-05-08,7,Sunday,4.92,12.31,1.59,235760.6,12.62,21.71,38038.0,2.04,18683,283086.78,3.8,71.21,11.26,1
2,2016-05-09,1,Monday,4.52,12.22,1.71,233501.5,13.41,19.21,34589.0,1.99,17417,268342.4,3.8,70.34,10.95,0
1,2016-05-09,1,Monday,4.32,11.99,1.67,207790.25,13.25,18.54,18911.0,1.21,15681,236482.86,3.3,70.34,10.61,0
1,2016-05-10,2,Tuesday,4.07,12.04,1.72,237247.85,14.01,16.92,20277.0,1.2,16929,256398.69,3.3,71.2,9.98,0
2,2016-05-10,2,Tuesday,4.25,12.26,1.76,274557.75,14.24,17.47,38271.0,1.98,19286,297859.77,3.3,70.34,10.42,0
2,2016-05-11,3,Wednesday,4.23,12.4,1.77,287895.07,14.66,17.05,39275.0,2.0,19637,305779.55,3.8,70.01,10.28,0
1,2016-05-11,3,Wednesday,4.13,12.34,1.78,253169.27,14.62,16.6,20813.0,1.2,17316,268744.51,3.8,70.84,10.32,0
2,2016-05-16,1,Monday,4.49,12.37,1.75,262363.23,13.8,18.67,38254.0,2.01,19011,296208.8,3.8,71.21,10.89,0
1,2016-05-16,1,Monday,4.32,12.19,1.73,229125.9,13.68,18.12,20566.0,1.23,16745,256737.4,3.3,70.34,10.51,0
1,2016-05-17,2,Tuesday,4.27,12.58,1.77,263559.98,14.82,16.86,21838.0,1.23,17781,279847.47,3.3,70.34,10.32,0
2,2016-05-17,2,Tuesday,4.45,12.8,1.82,298984.72,15.03,17.37,39925.0,2.01,19886,319407.43,3.8,71.81,10.74,0
2,2016-05-20,5,Friday,4.41,12.65,1.71,308185.08,14.88,17.33,41117.0,1.98,20715,326949.47,3.3,70.01,10.53,0
1,2016-05-20,5,Friday,4.24,12.4,1.69,271028.88,14.55,16.92,23825.0,1.28,18622,288337.24,3.8,70.34,10.3,0
1,2016-05-23,1,Monday,4.38,12.07,1.67,206337.42,13.19,18.66,19210.0,1.23,15647,237404.61,3.3,71.19,10.65,0
2,2016-05-23,1,Monday,4.51,12.18,1.7,232407.37,13.32,19.13,34973.0,2.0,17448,267830.19,3.8,70.34,10.94,0
1,2016-05-28,6,Saturday,4.38,11.6,1.34,177126.37,11.93,20.71,21106.0,1.42,14847,209481.43,3.3,70.34,9.59,1
2,2016-05-28,6,Saturday,4.57,11.83,1.35,204265.25,12.13,21.28,34010.0,2.02,16845,241940.85,3.8,70.01,10.03,1
1,2016-06-09,4,Thursday,4.23,12.69,1.8,269945.92,15.21,16.31,21519.0,1.21,17743,281729.58,3.3,71.19,10.68,0
2,2016-06-09,4,Thursday,4.36,12.86,1.85,302328.15,15.39,16.75,39198.0,2.0,19642,316996.9,3.8,71.81,11.08,0
2,2016-06-13,1,Monday,4.62,12.29,1.71,225113.85,13.19,19.74,33897.0,1.99,17066,264373.65,3.8,70.01,11.16,0
1,2016-06-13,1,Monday,4.36,11.89,1.63,191607.35,12.79,19.07,18337.0,1.22,14984,224043.02,3.8,70.34,10.7,0
1,2016-06-15,3,Wednesday,4.08,12.23,1.75,247344.73,14.56,16.53,20721.0,1.22,16987,260503.34,3.8,70.0,9.99,0
2,2016-06-15,3,Wednesday,4.28,12.51,1.77,290456.02,14.82,17.09,39487.0,2.01,19600,307334.52,3.8,70.61,10.47,0
2,2016-06-23,4,Thursday,4.27,12.24,1.74,281460.63,14.23,17.45,39612.0,2.0,19776,304512.47,3.8,71.96,10.25,0
1,2016-06-23,4,Thursday,4.13,12.14,1.72,247233.98,14.16,16.92,21289.0,1.22,17460,265875.11,3.8,70.01,9.99,0
1,2016-06-25,6,Saturday,4.43,12.06,1.5,229179.58,13.24,19.18,23998.0,1.39,17315,255114.95,3.3,70.59,9.75,1
2,2016-06-25,6,Saturday,4.57,12.16,1.52,264499.38,13.27,19.71,39995.0,2.01,19939,296597.86,3.8,70.11,10.08,1
2,2016-01-01,5,Friday,4.92,12.04,1.33,217119.27,11.51,23.94,38564.0,2.04,18866,275740.69,3.3,70.34,10.25,0
1,2016-01-01,5,Friday,4.79,11.96,1.32,164675.77,11.55,23.08,20938.0,1.47,14254,207346.14,3.3,70.01,9.96,0
2,2016-01-02,6,Saturday,4.52,11.59,1.35,189667.77,11.49,22.01,33685.0,2.04,16509,233138.77,3.8,70.01,10.45,1
1,2016-01-02,6,Saturday,4.39,11.48,1.31,154382.25,11.49,21.3,19398.0,1.44,13441,188234.85,3.3,70.34,10.06,1
1,2016-01-07,4,Thursday,4.03,11.27,1.6,200430.77,12.26,18.39,19434.0,1.19,16345,232458.55,3.3,70.34,9.59,0
2,2016-01-07,4,Thursday,4.2,11.49,1.64,233470.65,12.45,19.0,38288.0,2.04,18748,272121.51,3.8,70.34,9.85,0
1,2016-01-09,6,Saturday,3.95,10.87,1.43,205859.5,11.44,19.57,24273.0,1.35,17999,241973.77,3.3,70.34,8.67,1
2,2016-01-09,6,Saturday,4.11,11.05,1.47,244889.13,11.61,20.19,42888.0,2.03,21092,287857.68,3.3,70.01,9.11,1
1,2016-01-16,6,Saturday,4.21,11.35,1.49,218666.73,11.95,19.72,24937.0,1.36,18298,256539.77,3.3,70.34,9.43,1
2,2016-01-16,6,Saturday,4.32,11.43,1.49,256933.03,11.96,20.27,44022.0,2.05,21487,302621.83,3.3,70.34,9.69,1
1,2016-01-25,1,Monday,4.28,12.9,1.76,186182.48,15.65,15.71,14242.0,1.2,11900,191212.26,3.8,70.34,11.07,0
2,2016-01-25,1,Monday,4.41,12.95,1.81,223959.08,15.57,16.44,29193.0,2.03,14385,232948.17,3.8,71.81,11.28,0
2,2016-01-26,2,Tuesday,4.24,13.0,1.86,265747.08,15.99,15.79,33787.0,2.03,16618,270191.45,3.8,70.01,10.58,0
1,2016-01-26,2,Tuesday,4.16,12.96,1.85,232221.27,16.0,15.42,17056.0,1.17,14516,235006.23,3.3,70.0,10.47,0
2,2016-01-27,3,Wednesday,4.16,12.44,1.82,273674.93,14.95,16.43,37154.0,2.03,18306,286371.2,3.8,70.01,10.14,0
1,2016-01-27,3,Wednesday,4.0,12.22,1.76,235100.62,14.74,15.86,18733.0,1.17,15946,244480.66,3.8,71.79,9.95,0
2,2016-02-01,1,Monday,4.4,11.9,1.76,220975.62,12.94,19.11,34040.0,1.99,17079,258415.75,3.8,70.01,10.93,0
1,2016-02-01,1,Monday,4.22,11.65,1.67,195285.6,12.73,18.56,18098.0,1.18,15343,226038.14,3.3,71.8,10.4,0
2,2016-02-06,6,Saturday,4.16,11.26,1.47,263997.07,11.99,19.82,45380.0,2.06,22013,305328.43,3.3,70.01,9.17,1
1,2016-02-06,6,Saturday,3.98,11.08,1.46,232267.25,11.95,19.04,26259.0,1.35,19442,266070.11,3.8,70.34,8.74,1
1,2016-02-07,7,Sunday,4.47,11.39,1.55,184701.77,11.19,22.16,22040.0,1.34,16505,233538.21,3.3,70.34,9.71,1
2,2016-02-07,7,Sunday,4.63,11.57,1.58,219517.13,11.29,22.85,40025.0,2.06,19449,279090.42,3.3,70.01,10.18,1
2,2016-02-09,2,Tuesday,4.13,11.5,1.7,241505.52,12.63,18.6,38543.0,2.02,19128,279218.08,3.8,71.81,9.88,0
1,2016-02-09,2,Tuesday,4.01,11.36,1.68,204322.03,12.5,18.09,19232.0,1.18,16346,235823.55,3.3,70.01,9.81,0
1,2016-02-21,7,Sunday,4.61,11.81,1.58,196609.28,11.89,21.5,22027.0,1.33,16540,241817.64,3.3,70.34,10.25,1
2,2016-02-21,7,Sunday,4.77,11.98,1.59,230428.97,12.0,22.09,38746.0,2.02,19210,284331.78,3.8,70.34,10.64,1
2,2016-02-24,3,Wednesday,3.97,11.58,1.72,275789.02,13.46,17.01,41134.0,2.01,20493,299949.92,3.3,70.61,9.65,0
1,2016-02-24,3,Wednesday,3.85,11.44,1.68,234621.4,13.33,16.59,20724.0,1.18,17606,254355.16,3.8,71.79,9.46,0
1,2016-03-01,2,Tuesday,4.05,11.47,1.66,210991.08,12.74,18.05,19286.0,1.16,16556,239833.06,3.8,70.34,9.56,0
2,2016-03-01,2,Tuesday,4.15,11.53,1.69,242143.5,12.77,18.52,38322.0,2.02,18969,276939.36,3.8,70.61,9.75,0
2,2016-03-05,6,Saturday,4.19,11.48,1.5,289507.23,12.48,19.27,47181.0,2.03,23204,327754.69,3.3,70.01,9.42,1
1,2016-03-05,6,Saturday,4.08,11.37,1.48,250675.63,12.4,18.72,27555.0,1.36,20215,283282.96,3.3,70.34,9.23,1
1,2016-03-18,5,Friday,4.21,12.05,1.67,267794.45,13.72,17.49,24484.0,1.25,19515,294911.04,3.3,70.34,10.21,0
2,2016-03-18,5,Friday,4.29,12.08,1.67,301584.32,13.69,18.03,44271.0,2.01,22022,333825.07,3.8,70.34,10.23,0
1,2016-03-24,4,Thursday,4.08,11.87,1.65,247924.18,13.68,17.27,22339.0,1.23,18121,269885.97,3.3,70.34,9.78,0
2,2016-03-24,4,Thursday,4.3,12.17,1.73,286907.32,13.94,17.81,41478.0,2.01,20586,314844.5,3.8,70.01,10.29,0
1,2016-03-29,2,Tuesday,4.18,11.68,1.68,218097.3,12.82,18.36,20823.0,1.22,17009,251129.13,3.8,70.59,10.13,0
2,2016-03-29,2,Tuesday,4.28,11.79,1.68,251889.57,12.95,18.8,39254.0,2.02,19452,289880.92,3.8,70.01,10.18,0
2,2016-03-30,3,Wednesday,4.23,11.95,1.71,265614.52,13.52,18.11,40109.0,2.04,19639,295981.38,3.3,70.01,10.07,0
1,2016-03-30,3,Wednesday,4.11,11.87,1.69,233745.18,13.53,17.6,21008.0,1.22,17280,258041.54,3.3,70.34,9.71,0
2,2016-04-01,5,Friday,4.29,12.31,1.69,299241.22,14.18,17.66,42590.0,2.02,21109,325392.79,3.8,70.01,10.2,0
1,2016-04-01,5,Friday,4.22,12.27,1.68,262270.58,14.21,17.22,23373.0,1.27,18462,283529.09,3.3,70.59,10.04,0
2,2016-04-05,2,Tuesday,4.25,12.22,1.78,289539.5,14.11,17.61,41256.0,2.01,20514,316491.01,3.8,70.01,10.5,0
1,2016-04-05,2,Tuesday,4.05,11.99,1.72,247595.85,13.95,17.0,21146.0,1.19,17749,267579.84,3.3,69.99,9.95,0
1,2016-04-11,1,Monday,4.32,11.89,1.67,206796.28,12.93,18.72,19265.0,1.2,15994,239686.0,3.8,70.59,10.61,0
2,2016-04-11,1,Monday,4.35,11.85,1.68,231255.1,12.91,19.0,35477.0,1.98,17912,268125.31,3.8,70.34,10.56,0
1,2016-04-13,3,Wednesday,4.05,11.94,1.74,246331.22,13.9,16.94,21040.0,1.19,17724,266706.61,3.3,70.01,10.01,0
2,2016-04-13,3,Wednesday,4.24,12.19,1.77,285016.8,14.11,17.52,40639.0,2.01,20196,310191.49,3.8,70.01,10.36,0
1,2016-04-17,7,Sunday,4.69,12.17,1.63,226128.15,12.73,20.7,24094.0,1.36,17767,267354.3,3.3,70.34,10.64,1
2,2016-04-17,7,Sunday,4.89,12.43,1.65,259794.82,12.93,21.33,40737.0,2.03,20087,307848.86,3.8,71.21,11.01,1
2,2016-04-21,4,Thursday,4.26,12.69,1.81,302095.35,15.24,16.72,39673.0,2.0,19821,315012.8,3.3,70.01,10.54,0
1,2016-04-21,4,Thursday,4.2,12.64,1.79,248326.25,15.14,16.5,19872.0,1.21,16407,258874.12,3.8,71.2,10.43,0
1,2016-04-24,7,Sunday,4.79,12.12,1.6,193681.6,12.15,21.76,21567.0,1.35,15942,238857.28,3.3,70.34,10.73,1
2,2016-04-24,7,Sunday,4.9,12.18,1.61,223694.53,12.16,22.33,37653.0,2.05,18402,276801.54,3.8,70.01,11.03,1
2,2016-04-25,1,Monday,4.53,11.96,1.7,211753.85,12.64,20.0,33722.0,2.01,16758,253446.67,3.8,70.01,10.89,0
1,2016-04-25,1,Monday,4.34,11.76,1.66,185213.08,12.51,19.38,17963.0,1.21,14806,219747.46,3.3,70.84,10.48,0
1,2016-05-04,3,Wednesday,4.13,12.16,1.74,260877.93,14.31,16.67,21679.0,1.19,18232,278934.46,3.8,70.59,10.25,0
2,2016-05-04,3,Wednesday,4.14,12.14,1.78,296310.17,14.35,16.97,41192.0,1.99,20650,316138.45,3.8,71.21,10.16,0
2,2016-05-06,5,Friday,4.25,12.33,1.72,316237.92,14.53,16.95,43303.0,1.99,21760,336131.06,3.3,70.01,10.42,0
1,2016-05-06,5,Friday,4.1,12.16,1.68,285225.12,14.41,16.5,24773.0,1.25,19789,301145.65,3.3,70.34,9.98,0
2,2016-05-12,4,Thursday,4.32,12.84,1.85,313314.03,15.46,16.62,40355.0,1.99,20263,326367.41,3.8,70.34,10.74,0
1,2016-05-12,4,Thursday,4.17,12.61,1.81,273115.3,15.2,16.27,21695.0,1.21,17967,284029.45,3.8,71.79,10.33,0
2,2016-05-19,4,Thursday,4.34,12.85,1.8,314517.7,15.5,16.66,40861.0,2.01,20291,325741.67,3.3,71.21,10.65,0
1,2016-05-19,4,Thursday,4.27,12.76,1.8,277633.27,15.29,16.43,22448.0,1.24,18162,290029.55,3.3,70.01,10.72,0
2,2016-05-21,6,Saturday,4.51,12.35,1.56,307886.23,13.79,19.04,45372.0,2.03,22324,336584.12,3.3,70.61,10.29,1
1,2016-05-21,6,Saturday,4.32,12.13,1.53,270087.7,13.63,18.43,27495.0,1.39,19816,293986.36,3.3,70.01,9.9,1
2,2016-05-22,7,Sunday,5.0,12.59,1.67,244385.62,13.0,21.43,38593.0,2.05,18801,291845.96,3.8,72.34,11.47,1
1,2016-05-22,7,Sunday,4.94,12.61,1.64,216250.82,13.02,21.01,22422.0,1.35,16605,257706.04,3.3,70.34,11.29,1
2,2016-05-26,4,Thursday,4.22,12.57,1.75,293699.5,15.04,16.66,39080.0,2.0,19528,306917.29,3.3,71.81,10.52,0
1,2016-05-26,4,Thursday,4.09,12.43,1.72,258967.35,14.93,16.21,21193.0,1.22,17340,269055.51,3.3,70.34,10.2,0
1,2016-06-01,3,Wednesday,4.07,12.37,1.71,243195.13,14.82,16.18,19944.0,1.22,16409,253376.18,3.3,70.34,10.1,0
2,2016-06-01,3,Wednesday,4.24,12.53,1.74,283540.27,14.96,16.66,38417.0,2.03,18948,296834.42,3.3,70.01,10.4,0
2,2016-06-03,5,Friday,4.23,12.3,1.67,289686.28,14.44,17.02,40671.0,2.03,20068,308418.63,3.8,70.34,10.35,0
1,2016-06-03,5,Friday,4.09,12.14,1.67,257259.55,14.3,16.62,22654.0,1.26,17992,273075.4,3.3,70.34,9.95,0
1,2016-06-04,6,Saturday,4.25,11.8,1.48,249236.8,13.07,18.74,26289.0,1.38,19069,275752.92,3.3,70.34,9.46,1
2,2016-06-04,6,Saturday,4.44,12.1,1.52,288527.27,13.36,19.19,43632.0,2.02,21593,319314.23,3.8,70.34,10.0,1
1,2016-06-08,3,Wednesday,3.91,12.35,1.76,251311.88,15.06,15.94,20145.0,1.21,16683,257406.47,3.8,70.01,10.08,0
2,2016-06-08,3,Wednesday,4.1,12.6,1.81,295767.77,15.33,16.4,38543.0,2.0,19292,304198.87,3.3,70.01,10.47,0
1,2016-06-14,2,Tuesday,4.15,12.2,1.73,234051.35,14.25,16.98,20019.0,1.22,16426,251538.91,3.3,70.34,10.2,0
2,2016-06-14,2,Tuesday,4.34,12.41,1.74,268764.62,14.4,17.55,37588.0,2.01,18659,290419.56,3.3,71.96,10.59,0
1,2016-06-19,7,Sunday,4.84,12.03,1.54,175067.2,11.91,22.38,19945.0,1.36,14694,217983.98,3.8,70.59,10.79,1
2,2016-06-19,7,Sunday,4.95,12.13,1.53,201716.08,12.02,22.92,33925.0,2.02,16779,250415.14,3.8,70.01,11.0,1
2,2016-06-20,1,Monday,4.51,12.14,1.68,224194.3,13.24,19.36,33859.0,2.0,16937,259049.69,3.8,70.61,11.02,0
1,2016-06-20,1,Monday,4.34,11.95,1.63,194469.07,13.04,18.78,18304.0,1.23,14911,223627.33,3.3,70.59,10.79,0
2,2016-06-26,7,Sunday,5.11,13.02,1.67,230282.18,13.61,21.65,34127.0,2.02,16920,270665.72,3.3,70.02,11.52,1
1,2016-06-26,7,Sunday,4.92,12.79,1.62,194216.67,13.42,21.12,19808.0,1.37,14472,227052.96,3.8,70.34,11.0,1
2,2016-06-27,1,Monday,4.57,12.23,1.68,245457.22,13.39,19.19,36893.0,2.01,18336,282151.39,3.8,70.61,11.02,0
1,2016-06-27,1,Monday,4.34,11.93,1.61,212208.3,13.08,18.58,20212.0,1.25,16219,242621.82,3.3,70.34,10.47,0
2,2016-06-28,2,Tuesday,4.26,12.1,1.66,243697.22,13.9,17.76,34493.0,1.97,17527,265629.49,3.8,70.01,10.31,0
1,2016-06-28,2,Tuesday,4.04,11.75,1.65,210803.45,13.49,17.33,18940.0,1.21,15630,230811.42,3.3,71.79,9.91,0
1,2016-01-05,2,Tuesday,4.0,11.01,1.51,179731.4,11.68,18.94,18437.0,1.2,15391,213139.08,3.3,70.34,9.78,0
2,2016-01-05,2,Tuesday,4.25,11.38,1.56,209118.98,11.99,19.59,35361.0,2.03,17443,249858.68,3.3,70.01,10.27,0
2,2016-01-11,1,Monday,4.3,11.54,1.64,213668.85,12.21,19.7,35182.0,2.01,17495,255941.71,3.3,70.34,10.7,0
1,2016-01-11,1,Monday,4.05,11.2,1.61,184550.47,11.96,18.93,18319.0,1.19,15426,219065.1,3.3,70.34,10.17,0
2,2016-01-12,2,Tuesday,4.14,11.37,1.68,232938.67,12.3,19.02,38998.0,2.06,18934,273268.46,3.8,70.01,9.93,0
1,2016-01-12,2,Tuesday,3.96,11.12,1.64,197118.83,12.09,18.38,19119.0,1.17,16309,230252.46,3.3,70.34,9.61,0
2,2016-01-17,7,Sunday,4.53,11.56,1.53,230312.47,11.58,21.84,40726.0,2.05,19883,284333.48,3.8,70.01,10.16,1
1,2016-01-17,7,Sunday,4.37,11.36,1.53,189399.12,11.44,21.18,22508.0,1.36,16556,233589.68,3.8,70.59,10.0,1
2,2016-01-18,1,Monday,4.46,11.24,1.56,194096.43,10.92,21.99,36274.0,2.04,17770,249115.74,3.3,71.21,11.03,0
1,2016-01-18,1,Monday,4.31,11.04,1.59,157954.2,10.68,21.59,18676.0,1.26,14792,205256.49,3.3,70.0,10.85,0
1,2016-01-19,2,Tuesday,3.98,11.54,1.69,221136.35,12.96,17.51,20255.0,1.19,17069,249140.84,3.3,71.19,10.26,0
2,2016-01-19,2,Tuesday,4.2,11.79,1.71,260302.8,13.2,18.05,40062.0,2.03,19723,294091.7,3.8,70.34,10.7,0
1,2016-01-20,3,Wednesday,4.08,11.66,1.73,222671.38,13.07,17.7,20023.0,1.17,17043,251845.5,3.3,70.34,10.22,0
2,2016-01-20,3,Wednesday,4.24,11.8,1.76,252758.8,13.15,18.31,39426.0,2.05,19220,288049.71,3.3,71.21,10.48,0
2,2016-01-21,4,Thursday,4.19,11.95,1.76,274155.37,13.67,17.53,40742.0,2.03,20049,302936.2,3.8,71.21,10.46,0
1,2016-01-21,4,Thursday,4.0,11.71,1.72,239285.62,13.5,16.94,20920.0,1.18,17728,262488.67,3.3,70.84,10.05,0
1,2016-01-22,5,Friday,3.93,11.3,1.61,238437.63,12.71,17.42,22847.0,1.22,18763,267892.46,3.3,70.01,9.73,0
2,2016-01-22,5,Friday,4.01,11.37,1.61,273756.02,12.81,17.75,43300.0,2.03,21363,306657.67,3.8,70.01,9.87,0
1,2016-01-30,6,Saturday,3.98,11.38,1.51,244858.63,12.74,18.09,26154.0,1.36,19220,269948.11,3.3,70.34,8.84,1
2,2016-01-30,6,Saturday,4.19,11.59,1.56,290660.58,12.82,18.89,46649.0,2.06,22678,323863.7,3.3,71.72,9.42,1
1,2016-01-31,7,Sunday,4.6,11.87,1.6,196926.82,12.17,20.98,21371.0,1.32,16185,238201.38,3.3,70.34,10.51,1
2,2016-01-31,7,Sunday,4.72,12.01,1.62,224482.27,12.3,21.42,36951.0,2.02,18254,271499.63,3.8,70.34,10.71,1
2,2016-02-15,1,Monday,4.38,11.15,1.53,203860.53,11.18,21.39,37040.0,2.03,18242,252782.49,3.8,70.97,10.51,0
1,2016-02-15,1,Monday,4.23,11.0,1.48,167444.4,11.04,20.77,19410.0,1.28,15161,207221.77,3.3,70.01,10.24,0
1,2016-02-17,3,Wednesday,4.16,11.8,1.69,225034.83,13.13,17.94,20503.0,1.2,17142,255110.25,3.3,70.34,10.12,0
2,2016-02-17,3,Wednesday,4.28,11.9,1.71,260102.48,13.16,18.56,39621.0,2.0,19766,296928.84,3.3,70.01,10.28,0
1,2016-02-18,4,Thursday,4.06,11.68,1.69,240412.67,13.22,17.51,21940.0,1.21,18192,268197.31,3.3,70.01,9.83,0
2,2016-02-18,4,Thursday,4.17,11.78,1.72,278790.25,13.25,18.07,42141.0,2.0,21043,313494.73,3.8,71.81,9.98,0
1,2016-02-25,4,Thursday,4.2,11.91,1.76,250332.83,13.47,17.59,21984.0,1.18,18585,280472.36,3.3,73.34,10.31,0
2,2016-02-25,4,Thursday,4.33,12.04,1.8,287560.17,13.56,18.12,42267.0,1.99,21214,323914.61,3.3,71.81,10.67,0
1,2016-02-26,5,Friday,3.98,11.5,1.63,257242.88,13.1,17.2,24221.0,1.23,19633,284737.38,3.3,71.79,9.68,0
2,2016-02-26,5,Friday,4.15,11.72,1.65,295515.65,13.29,17.82,44297.0,1.99,22232,327868.25,3.3,70.01,9.9,0
1,2016-02-27,6,Saturday,4.03,11.21,1.47,238392.97,12.15,18.86,26538.0,1.35,19615,271325.04,3.3,71.19,8.96,1
2,2016-02-27,6,Saturday,4.2,11.38,1.5,280580.33,12.21,19.63,46479.0,2.02,22983,322047.92,3.8,70.01,9.37,1
1,2016-03-09,3,Wednesday,4.25,12.0,1.76,234938.68,13.54,17.8,20673.0,1.19,17356,263237.68,3.3,70.34,10.27,0
2,2016-03-09,3,Wednesday,4.28,11.95,1.75,260836.07,13.46,18.25,38955.0,2.01,19376,293053.73,3.3,72.34,10.24,0
2,2016-03-11,5,Friday,4.31,12.07,1.71,292803.22,13.71,17.93,42936.0,2.01,21358,324345.31,3.8,70.01,10.21,0
1,2016-03-11,5,Friday,4.19,11.92,1.67,261331.78,13.56,17.48,23990.0,1.24,19276,289181.52,3.3,70.01,10.11,0
2,2016-03-15,2,Tuesday,4.32,12.02,1.75,262828.12,13.41,18.35,39028.0,1.99,19600,297594.51,3.0,70.34,10.38,0
1,2016-03-15,2,Tuesday,4.09,11.7,1.7,224210.7,13.13,17.71,20462.0,1.2,17071,252379.59,3.3,70.34,10.01,0
1,2016-03-16,3,Wednesday,4.15,12.05,1.75,248481.3,13.87,17.29,21476.0,1.2,17913,272148.9,3.8,70.01,10.05,0
2,2016-03-16,3,Wednesday,4.33,12.23,1.8,286582.17,13.97,17.91,41744.0,2.03,20516,317405.15,3.8,70.01,10.54,0
1,2016-03-17,4,Thursday,4.36,12.44,1.77,248587.2,14.17,17.74,21463.0,1.22,17549,274470.61,3.3,71.79,10.58,0
2,2016-03-17,4,Thursday,4.44,12.42,1.78,284957.98,13.99,18.3,40626.0,1.99,20365,318454.52,3.3,70.01,10.86,0
1,2016-03-21,1,Monday,4.33,11.59,1.62,186769.97,12.17,19.65,18694.0,1.22,15353,224609.12,3.3,70.59,10.54,0
2,2016-03-21,1,Monday,4.47,11.75,1.66,211099.22,12.26,20.15,34330.0,1.99,17214,255983.33,3.3,70.34,10.9,0
2,2016-03-22,2,Tuesday,4.26,11.93,1.69,251081.0,13.35,18.47,38095.0,2.03,18811,282497.5,3.8,71.21,10.14,0
1,2016-03-22,2,Tuesday,4.16,11.85,1.68,215795.05,13.36,17.88,19484.0,1.21,16151,240811.5,3.3,71.79,9.93,0
2,2016-03-23,3,Wednesday,4.3,12.06,1.73,263609.87,13.59,18.28,38558.0,1.99,19391,294606.72,3.3,70.34,10.24,0
1,2016-03-23,3,Wednesday,4.18,11.94,1.72,231217.63,13.51,17.82,20790.0,1.21,17119,257645.99,3.3,70.34,10.01,0
1,2016-03-26,6,Saturday,4.18,11.39,1.39,218917.93,12.13,19.71,25631.0,1.42,18055,251720.4,3.3,71.79,9.07,1
2,2016-03-26,6,Saturday,4.32,11.56,1.42,256368.32,12.26,20.3,42849.0,2.05,20904,295282.78,3.8,71.21,9.27,1
2,2016-03-27,7,Sunday,4.94,12.16,1.52,214516.3,11.97,22.98,36346.0,2.03,17926,267690.31,3.3,70.34,10.91,1
1,2016-03-27,7,Sunday,4.77,11.95,1.5,176770.4,11.78,22.3,20862.0,1.39,15005,220384.23,3.3,70.01,10.66,1
1,2016-04-04,1,Monday,4.05,11.52,1.61,213419.87,12.86,17.86,19865.0,1.2,16590,240827.5,3.3,70.59,10.14,0
2,2016-04-04,1,Monday,4.24,11.77,1.67,249921.12,13.16,18.37,37235.0,1.96,18996,282513.69,3.8,70.01,10.49,0
2,2016-04-19,2,Tuesday,4.22,12.2,1.75,270833.88,14.1,17.46,38820.0,2.02,19214,294931.33,3.3,71.81,10.25,0
1,2016-04-19,2,Tuesday,4.09,12.04,1.71,236925.45,13.97,16.92,20344.0,1.2,16954,256573.74,3.3,70.0,10.1,0
1,2016-04-30,6,Saturday,4.26,11.72,1.48,238654.58,12.81,19.01,25645.0,1.38,18625,267516.87,3.3,70.34,9.43,1
2,2016-04-30,6,Saturday,4.39,11.84,1.51,275991.97,12.84,19.62,44051.0,2.05,21498,311931.21,3.8,70.01,9.71,1
2,2016-05-05,4,Thursday,4.28,12.43,1.77,311770.67,14.64,17.0,43292.0,2.03,21294,332210.01,3.8,70.34,10.38,0
1,2016-05-05,4,Thursday,4.19,12.37,1.79,280796.08,14.62,16.55,23225.0,1.21,19200,298421.63,3.3,70.34,10.3,0
2,2016-05-14,6,Saturday,4.22,11.78,1.54,290647.18,13.23,18.87,44477.0,2.03,21963,317314.32,3.8,70.56,9.22,1
1,2016-05-14,6,Saturday,4.26,11.96,1.54,263482.67,13.4,18.52,27102.0,1.38,19660,287714.05,3.8,70.0,9.34,1
1,2016-05-15,7,Sunday,4.57,11.99,1.6,224492.95,12.62,20.45,24251.0,1.36,17794,262974.25,3.3,70.34,10.24,1
2,2016-05-15,7,Sunday,4.69,12.08,1.6,256599.62,12.62,21.11,41556.0,2.04,20332,302524.04,3.8,71.21,10.55,1
2,2016-05-18,3,Wednesday,4.41,13.04,1.85,297344.25,15.65,16.96,38226.0,2.01,18994,309773.88,3.8,70.34,10.94,0
1,2016-05-18,3,Wednesday,4.25,12.83,1.82,259038.12,15.4,16.55,20550.0,1.22,16824,270145.8,3.3,70.34,10.74,0
1,2016-05-24,2,Tuesday,4.06,12.03,1.7,236765.87,14.07,16.75,20266.0,1.2,16822,253972.9,3.8,70.01,9.89,0
2,2016-05-24,2,Tuesday,4.21,12.23,1.74,267737.73,14.25,17.26,37653.0,2.0,18791,288902.29,3.8,70.01,10.22,0
2,2016-05-25,3,Wednesday,4.23,12.39,1.76,286045.98,14.69,16.99,39430.0,2.02,19477,302958.47,3.3,70.01,10.36,0
1,2016-05-25,3,Wednesday,4.13,12.31,1.73,254579.07,14.6,16.59,21253.0,1.22,17438,268817.26,3.3,70.01,10.02,0
2,2016-05-27,5,Friday,4.32,12.15,1.59,254042.8,13.75,18.13,37101.0,2.01,18477,279897.44,3.8,70.34,10.39,0
1,2016-05-27,5,Friday,4.18,12.01,1.55,224417.42,13.62,17.6,21133.0,1.28,16482,246147.94,3.8,70.55,10.15,0
2,2016-05-30,1,Monday,5.36,12.57,1.56,155500.48,11.52,24.89,27279.0,2.02,13500,208370.01,3.8,70.34,12.37,0
1,2016-05-30,1,Monday,5.19,12.38,1.54,128640.3,11.39,24.08,15379.0,1.36,11298,171962.59,3.8,70.34,12.11,0
1,2016-06-05,7,Sunday,4.74,12.52,1.65,209162.53,13.31,20.29,20998.0,1.34,15720,242284.8,3.3,70.09,10.84,1
2,2016-06-05,7,Sunday,4.86,12.62,1.64,239962.53,13.35,20.77,36373.0,2.02,17972,278737.4,3.8,70.34,11.2,1
2,2016-06-07,2,Tuesday,4.23,12.36,1.73,279143.53,14.5,17.27,38387.0,1.99,19254,298610.78,3.8,70.61,10.32,0
1,2016-06-07,2,Tuesday,4.11,12.26,1.73,240991.1,14.43,16.74,20134.0,1.21,16701,256680.22,3.8,70.0,10.21,0
1,2016-06-12,7,Sunday,4.8,12.31,1.57,183252.57,12.59,21.21,19791.0,1.36,14557,220734.28,3.3,70.0,11.0,1
2,2016-06-12,7,Sunday,5.08,12.7,1.61,216602.12,12.89,21.95,34309.0,2.04,16805,262384.33,3.8,70.01,11.6,1
2,2016-06-22,3,Wednesday,4.23,12.33,1.75,273777.35,14.52,17.24,37929.0,2.01,18855,291632.43,3.3,70.34,10.37,0
1,2016-06-22,3,Wednesday,4.1,12.16,1.71,236738.75,14.35,16.81,20111.0,1.22,16501,251320.36,3.3,71.21,10.03,0
2,2016-06-24,5,Friday,4.45,12.56,1.72,278502.48,14.47,17.89,38487.0,2.0,19253,302437.19,3.8,70.01,10.79,0
1,2016-06-24,5,Friday,4.17,12.18,1.64,244499.03,14.12,17.26,22143.0,1.28,17317,263321.97,3.8,70.34,10.05,0
2,2016-06-30,4,Thursday,4.28,12.5,1.73,268506.35,14.83,17.18,36226.0,2.0,18107,282907.21,3.8,71.81,10.58,0
1,2016-06-30,4,Thursday,4.16,12.38,1.71,229961.32,14.66,16.82,19010.0,1.21,15685,242211.18,3.8,70.01,10.45,0
2,2016-01-06,3,Wednesday,4.24,11.47,1.59,219712.53,12.27,19.33,36751.0,2.05,17909,258695.72,3.8,70.01,10.15,0
1,2016-01-06,3,Wednesday,4.01,11.14,1.54,186781.43,11.99,18.67,18467.0,1.19,15579,218408.18,3.3,70.0,9.62,0
1,2016-01-08,5,Friday,4.0,11.3,1.57,215830.7,12.38,18.14,21467.0,1.23,17429,248017.2,3.3,70.01,9.45,0
2,2016-01-08,5,Friday,4.19,11.52,1.6,250415.02,12.54,18.65,41024.0,2.05,19968,289512.49,3.8,70.34,10.12,0
2,2016-01-14,4,Thursday,4.27,11.75,1.75,263374.8,12.87,18.67,41557.0,2.03,20459,305205.7,3.8,70.34,10.46,0
1,2016-01-14,4,Thursday,4.12,11.59,1.71,226673.18,12.77,18.05,21001.0,1.18,17753,260854.48,3.3,70.34,10.12,0
2,2016-01-23,6,Saturday,4.33,11.42,1.57,53648.77,13.51,18.26,8067.0,2.03,3972,56520.73,3.8,70.01,8.72,1
1,2016-01-23,6,Saturday,4.21,11.28,1.61,45948.33,13.27,17.97,4505.0,1.3,3463,48867.76,3.8,69.99,8.45,1
1,2016-01-24,7,Sunday,4.2,11.26,1.5,72237.8,12.07,18.91,7913.0,1.32,5984,83314.34,3.8,70.34,10.07,1
2,2016-01-24,7,Sunday,4.28,11.35,1.47,114229.77,12.16,19.26,19330.0,2.06,9396,130794.78,3.8,70.34,10.32,1
1,2016-01-28,4,Thursday,4.08,12.12,1.77,249575.63,14.32,16.36,20535.0,1.18,17433,266168.29,3.3,70.01,9.88,0
2,2016-01-28,4,Thursday,4.3,12.41,1.83,288586.93,14.57,16.92,40645.0,2.05,19813,310331.74,3.8,70.01,10.58,0
2,2016-01-29,5,Friday,4.12,11.94,1.7,294589.7,13.88,16.97,42698.0,2.01,21227,319184.58,3.8,70.61,10.0,0
1,2016-01-29,5,Friday,4.04,11.87,1.69,253474.07,13.77,16.65,22589.0,1.23,18410,274919.44,3.8,70.34,9.91,0
1,2016-02-02,2,Tuesday,3.97,11.42,1.67,206856.42,12.75,17.73,18874.0,1.16,16225,234765.84,3.3,70.59,9.76,0
2,2016-02-02,2,Tuesday,4.12,11.6,1.74,243317.82,12.96,18.23,37955.0,2.02,18772,276263.27,3.8,70.34,9.93,0
2,2016-02-03,3,Wednesday,3.99,11.55,1.73,252303.23,13.29,17.44,38352.0,2.02,18984,277872.62,3.3,70.01,9.76,0
1,2016-02-03,3,Wednesday,3.94,11.61,1.73,223830.63,13.43,16.99,19519.0,1.17,16668,244730.18,3.3,70.01,9.65,0
2,2016-02-05,5,Friday,4.09,11.31,1.62,260955.48,12.39,18.57,42370.0,2.01,21063,301613.61,3.8,70.01,9.63,0
1,2016-02-05,5,Friday,3.89,11.06,1.59,219030.63,12.2,17.92,22012.0,1.23,17955,251479.26,3.3,70.34,9.19,0
2,2016-02-10,3,Wednesday,4.09,11.41,1.7,256810.9,12.62,18.39,41117.0,2.02,20349,295295.84,3.8,70.01,9.84,0
1,2016-02-10,3,Wednesday,3.96,11.26,1.65,218762.83,12.5,17.83,20614.0,1.18,17506,250178.65,3.3,70.01,9.64,0
2,2016-02-14,7,Sunday,4.22,11.24,1.46,243534.85,11.6,20.64,42881.0,2.04,20988,290458.51,3.0,70.01,9.62,1
1,2016-02-14,7,Sunday,4.15,11.22,1.46,202579.92,11.62,20.11,24054.0,1.38,17436,241287.22,3.3,70.34,9.51,1
2,2016-02-16,2,Tuesday,4.35,11.94,1.73,248172.75,13.21,18.69,37874.0,2.02,18785,283285.54,3.8,70.61,10.72,0
1,2016-02-16,2,Tuesday,4.09,11.6,1.65,206437.58,12.99,17.91,19106.0,1.2,15893,232058.49,3.3,70.34,10.03,0
1,2016-02-22,1,Monday,4.27,11.5,1.65,188061.68,12.1,19.48,18396.0,1.18,15539,226077.47,3.3,70.59,10.4,0
2,2016-02-22,1,Monday,4.44,11.69,1.7,216895.08,12.27,20.09,35526.0,2.01,17679,262306.99,3.8,70.61,10.73,0
2,2016-02-28,7,Sunday,4.86,12.13,1.62,229177.25,12.14,22.23,38178.0,2.02,18876,283419.35,3.8,70.34,10.93,1
1,2016-02-28,7,Sunday,4.76,12.06,1.6,194829.72,12.15,21.67,21335.0,1.33,16035,239391.94,3.3,70.34,10.65,1
2,2016-02-29,1,Monday,4.43,11.75,1.72,218387.05,12.4,20.17,35380.0,2.01,17608,262626.87,3.3,70.01,10.68,0
1,2016-02-29,1,Monday,4.26,11.58,1.65,192412.82,12.35,19.46,18385.0,1.18,15583,228027.6,3.3,70.34,10.21,0
1,2016-03-03,4,Thursday,4.09,11.77,1.73,255633.45,13.33,17.47,22825.0,1.19,19173,285580.94,3.8,71.79,9.94,0
2,2016-03-03,4,Thursday,4.16,11.82,1.75,296398.6,13.39,17.89,44796.0,2.02,22132,331231.34,3.8,72.38,10.03,0
2,2016-03-04,5,Friday,4.12,11.71,1.7,295047.92,13.32,17.68,44607.0,2.01,22144,327254.22,3.3,70.01,9.89,0
1,2016-03-04,5,Friday,4.02,11.61,1.65,253634.28,13.22,17.27,23551.0,1.23,19192,280662.03,3.3,70.0,9.65,0
1,2016-03-12,6,Saturday,4.28,11.72,1.52,249928.13,12.76,19.01,26918.0,1.37,19580,282175.62,3.8,70.34,9.47,1
2,2016-03-12,6,Saturday,4.38,11.79,1.52,289522.8,12.79,19.45,45897.0,2.03,22639,327678.77,3.3,70.34,9.76,1
1,2016-03-28,1,Monday,4.22,11.47,1.55,188833.92,12.23,19.17,19051.0,1.23,15435,222538.64,3.3,70.34,10.24,0
2,2016-03-28,1,Monday,4.44,11.77,1.63,216182.52,12.52,19.78,34511.0,2.0,17267,255955.46,3.8,70.01,10.62,0
1,2016-03-31,4,Thursday,4.19,12.09,1.74,247722.92,13.86,17.37,21904.0,1.23,17867,272151.87,3.3,71.19,10.03,0
2,2016-03-31,4,Thursday,4.36,12.33,1.75,280144.12,14.06,17.84,40468.0,2.03,19924,308831.0,3.8,71.21,10.44,0
1,2016-04-02,6,Saturday,4.1,11.58,1.52,251017.9,12.79,18.61,26513.0,1.35,19625,279622.16,3.3,70.01,9.1,1
2,2016-04-02,6,Saturday,4.22,11.63,1.51,292311.27,12.75,19.2,46237.0,2.02,22926,327733.62,3.3,70.34,9.39,1
1,2016-04-03,7,Sunday,4.44,11.62,1.54,206686.33,11.87,20.91,23537.0,1.35,17416,250475.48,3.3,70.34,10.26,1
2,2016-04-03,7,Sunday,4.71,11.99,1.59,240837.8,12.13,21.73,40412.0,2.04,19851,294228.61,3.8,70.34,10.83,1
2,2016-04-06,3,Wednesday,4.23,12.07,1.76,282320.75,13.84,17.65,41013.0,2.01,20394,310563.43,3.8,71.21,10.25,0
1,2016-04-06,3,Wednesday,4.04,11.84,1.73,242994.08,13.64,17.07,21418.0,1.2,17809,266090.99,3.3,70.01,9.84,0
2,2016-04-08,5,Friday,4.23,11.99,1.69,305757.02,13.75,17.63,44515.0,2.0,22237,335490.58,3.8,70.01,10.22,0
1,2016-04-08,5,Friday,4.1,11.89,1.69,269847.68,13.7,17.12,24459.0,1.24,19703,294750.26,3.3,70.34,10.0,0
2,2016-04-09,6,Saturday,4.11,11.35,1.49,292392.53,12.43,19.0,47956.0,2.04,23529,328347.11,3.8,70.34,9.13,1
1,2016-04-09,6,Saturday,4.01,11.26,1.47,252371.62,12.35,18.64,27960.0,1.37,20442,283703.12,3.33,70.55,8.97,1
2,2016-04-15,5,Friday,4.28,12.25,1.74,314276.13,14.2,17.41,44656.0,2.02,22126,340939.47,3.8,71.21,10.43,0
1,2016-04-15,5,Friday,4.14,12.12,1.68,274080.55,14.14,16.9,24309.0,1.25,19378,294271.84,3.3,70.34,10.01,0
2,2016-04-18,1,Monday,4.5,12.15,1.73,237845.12,13.29,19.16,35536.0,1.99,17902,274651.59,3.8,70.01,10.81,0
1,2016-04-18,1,Monday,4.36,12.01,1.68,209927.4,13.21,18.62,19296.0,1.21,15893,240028.92,3.8,70.34,10.49,0
2,2016-04-20,3,Wednesday,4.26,12.29,1.8,289620.97,14.34,17.28,40660.0,2.01,20192,312985.88,3.8,70.34,10.27,0
1,2016-04-20,3,Wednesday,4.07,12.06,1.73,248596.17,14.08,16.81,21147.0,1.2,17651,267725.94,3.3,71.79,10.0,0
1,2016-04-26,2,Tuesday,4.09,11.64,1.67,214369.83,12.95,17.95,19853.0,1.2,16557,243229.19,3.3,70.34,9.79,0
2,2016-04-26,2,Tuesday,4.27,11.85,1.71,251233.03,13.07,18.62,38566.0,2.01,19225,288157.98,3.3,70.61,10.25,0
2,2016-04-28,4,Thursday,4.3,12.11,1.76,278431.98,13.67,18.05,40531.0,1.99,20366,311237.92,3.3,70.01,10.33,0
1,2016-04-28,4,Thursday,4.19,12.06,1.74,246743.98,13.7,17.48,21884.0,1.21,18013,273868.78,3.8,71.79,10.14,0
1,2016-05-01,7,Sunday,4.6,11.77,1.55,194530.1,11.9,21.15,21937.0,1.34,16353,237948.93,3.8,70.34,10.62,1
2,2016-05-01,7,Sunday,4.66,11.76,1.55,236018.78,11.84,21.71,40183.0,2.02,19931,289669.22,3.3,70.34,10.74,1
2,2016-05-02,1,Monday,4.56,12.24,1.72,240147.92,13.25,19.3,36349.0,2.01,18118,279182.11,3.8,70.01,11.0,0
1,2016-05-02,1,Monday,4.33,11.94,1.67,208764.73,13.0,18.63,19429.0,1.21,16055,241379.86,3.8,70.34,10.56,0
1,2016-05-03,2,Tuesday,4.05,12.02,1.69,253035.28,14.17,16.57,21391.0,1.2,17863,269098.94,3.3,70.0,9.97,0
2,2016-05-03,2,Tuesday,4.14,12.11,1.73,291408.68,14.24,16.97,40912.0,2.0,20469,311279.01,3.3,70.61,10.13,0
2,2016-05-07,6,Saturday,4.32,11.65,1.51,278002.65,12.63,19.64,44612.0,2.03,22013,315162.98,3.8,70.01,9.6,1
1,2016-05-07,6,Saturday,4.19,11.55,1.47,253584.38,12.61,19.01,27369.0,1.36,20114,285073.74,3.8,71.79,9.21,1
1,2016-05-13,5,Friday,4.09,12.44,1.73,266327.65,15.0,16.29,22182.0,1.25,17760,275842.51,3.3,70.55,10.23,0
2,2016-05-13,5,Friday,4.24,12.62,1.76,297128.0,15.13,16.9,39508.0,2.01,19643,309651.96,3.3,70.34,10.4,0
1,2016-05-29,7,Sunday,4.69,11.97,1.33,156899.18,11.97,21.83,18708.0,1.43,13110,189938.03,3.3,70.34,10.02,1
2,2016-05-29,7,Sunday,4.85,12.09,1.37,183638.25,12.03,22.54,31033.0,2.03,15264,223778.21,3.8,70.34,10.53,1
2,2016-05-31,2,Tuesday,4.42,12.25,1.67,236257.18,13.76,18.27,34063.0,1.98,17166,263619.16,3.8,70.01,10.92,0
1,2016-05-31,2,Tuesday,4.22,12.0,1.64,202604.02,13.51,17.66,18294.0,1.22,14999,225575.65,3.8,70.34,10.51,0
2,2016-06-02,4,Thursday,4.23,12.41,1.73,291907.85,14.74,16.81,39530.0,2.0,19806,307565.1,3.3,71.81,10.23,0
1,2016-06-02,4,Thursday,4.14,12.37,1.74,255891.9,14.72,16.3,21190.0,1.22,17379,269412.36,3.3,72.34,10.22,0
2,2016-06-06,1,Monday,4.64,12.61,1.76,250405.43,13.98,18.94,35921.0,2.01,17915,284262.39,3.8,71.81,11.34,0
1,2016-06-06,1,Monday,4.45,12.34,1.72,218109.75,13.67,18.47,19579.0,1.23,15951,247333.61,3.8,70.59,10.89,0
1,2016-06-10,5,Friday,4.15,12.13,1.65,254366.87,14.11,17.04,22734.0,1.26,18025,273170.84,3.3,71.79,10.13,0
2,2016-06-10,5,Friday,4.32,12.31,1.67,286647.12,14.28,17.53,40075.0,2.0,20072,309132.61,3.8,71.21,10.39,0
2,2016-06-11,6,Saturday,4.41,11.91,1.5,257405.87,12.89,19.65,39935.0,2.0,19972,291453.8,3.8,70.01,9.92,1
1,2016-06-11,6,Saturday,4.29,11.83,1.47,226264.58,12.87,19.17,24332.0,1.38,17584,254692.92,3.3,70.3,9.49,1
2,2016-06-16,4,Thursday,4.21,12.35,1.77,292260.83,14.62,16.95,39959.0,2.0,19984,310179.85,3.8,70.61,10.32,0
1,2016-06-16,4,Thursday,4.04,12.11,1.72,252539.47,14.31,16.57,21452.0,1.22,17647,267955.46,3.3,70.59,9.96,0
2,2016-06-17,5,Friday,4.41,12.58,1.72,280908.55,14.57,17.71,39090.0,2.03,19284,303089.56,3.8,71.96,10.74,0
1,2016-06-17,5,Friday,4.25,12.33,1.68,251211.2,14.35,17.27,22276.0,1.27,17511,269544.28,3.8,70.34,10.33,0
1,2016-06-18,6,Saturday,4.33,11.92,1.47,218027.98,13.05,19.19,22840.0,1.37,16708,243358.84,3.8,70.34,9.52,1
2,2016-06-18,6,Saturday,4.47,12.06,1.48,246861.38,13.17,19.65,37826.0,2.02,18740,275681.73,3.8,70.01,9.87,1
2,2016-06-21,2,Tuesday,4.21,11.97,1.68,255796.22,13.66,17.96,37566.0,2.01,18725,281615.9,3.8,70.01,10.07,0
1,2016-06-21,2,Tuesday,4.01,11.72,1.65,216421.4,13.42,17.36,19737.0,1.22,16121,237372.11,3.8,72.34,9.67,0
1,2016-06-29,3,Wednesday,4.19,12.24,1.74,224862.37,14.21,17.17,19132.0,1.21,15824,243252.03,3.3,71.79,10.27,0
2,2016-06-29,3,Wednesday,4.31,12.38,1.75,263434.28,14.29,17.61,36688.0,1.99,18429,286078.05,3.8,70.34,10.52,0